If $a_{1}, a_{2}, a_{3}\cdots, a_{n}$ in AP with common difference d, find some of the series $sin(d)\left[cosec(a_{1}\cdot cosec(a_{2}) + cosec(a_{2}\cdot cosec(a_{3}) + cosec(a_{3}\cdot cosec(a_{4})\cdot + cosec(a_{n - 1}\cdot cosec(a_{n})\right]d$|te answer is $cot(a_{1}) - cot(a_{n})$|hard|$cot(a_{1}) - cot(a_{n})$|$tan(a_{1}) - tan(a_{n})$|$sec(a_{1}) - sec(a_{n})$|$cos(a_{1}) - cos(a_{n})$|$cot(a_{1}) - cot(a_{n})$
If $a_{1}, a_{2}, a_{3}\cdots, a_{n}$ in AP where $a_{i} > 0$ for all i, then $\frac{1}{\sqrt{a_{1}} + \sqrt{a_{2}}} + \frac{1}{\sqrt{a_{2}} + \sqrt{a_{3}}} + \frac{1}{\sqrt{a_{3}} + \sqrt{a_{4}}}\cdots + \frac{1}{\sqrt{a_{n - 1}} + \sqrt{a_{n}}}$ equals|the answer is $\frac{n - 1}{\sqrt{a_{1}} + \sqrt{a_{n}}}$|medium|0|1|$\frac{n - 1}{\sqrt{a_{1}} + \sqrt{a_{n}}}$|none of these|$\frac{n - 1}{\sqrt{a_{1}} + \sqrt{a_{n}}}$
If $a_{1}, a_{2}, a_{3}\cdots, a_{n}$ in AP with common difference d, then $\sum\limits_{i=2}^{n} tan^{-1}\frac{d}{1 + a_{n - 1}\cdot a_{n}}$ equals|the answer is $tan_{-1}\frac{a_{n} - a_{1}}{1 + a_{1}\cdot a_{n}}$|hard|$tan_{-1}\frac{a_{n} - a_{1}}{1 + a_{1}\cdot a_{n}}$|$tan_{-1}\frac{a_{n} + a_{1}}{1 - a_{1}\cdot a_{n}}$|$tan_{-1}\frac{1 - a_{1}\cdot a_{n}}{a_{n} + a_{1}}$|$tan_{-1}\frac{1 + a_{1}\cdot a_{n}}{a_{n} - a_{1}}$|$tan_{-1}\frac{a_{n} - a_{1}}{1 + a_{1}\cdot a_{n}}$
If $a_{1}, a_{2}, a_{3}\cdots, a_{n}$ in AP with common difference d and first term a such that $a\cdot d \gt 0$. Let $S_{n}= \frac{1}{a_{1}\cdot a_{2}} + \frac{1}{a_{2}\cdot a_{3}} + \frac{1}{a_{3}\cdot a_{4}}\cdots + \frac{1}{a_{n - 1}\cdot a_{n}}$, then a_{1}\cdot a_{n}\cdot S_{n} equals|the answer is n - 1|medium|0|n - 1|n|1|n - 1
If $a_{1}, a_{2}, a_{3}\cdots, a_{n}, a_{n + 1}\cdots be in A.Pwhose common diffrence is d and $S_{1}=a_{1} +a_{2} + a_{3}\cdots + a_{n}$, $S_{2}= a_{n + 1} + a_{n + 2} + a_{n + 3}\cdots + a_{2n}$, $S_{3}= a_{2n + 1} + a_{2n + 2} + a_{2n + 3}\cdots + a_{3n}$ and so on $S_{1}, S_{2}, S_{3}\cdots S_{n}$ are in A.P. Its common diffrence is equal to|the answer is $n^{2}\cdot d$|medium|$n^{2}\cdot d$|$n\cdot d$|$n^{3}\cdot d$|none of these|$n^{2}\cdot d$
If a, b, c are in A.P such that $a\neq b$, $\frac{b - c}{a - b}$ equals|the answer is 1|easy|1|2|-1|0|1
tan70^{\circ}, tan50^{\circ} + tan20^{\circ} and tan20^{\circ} are in|the answer is A.P|medium|A.P|G.P|H.P|none of these|A.P
If $log_{l}^{x}, log_{m}^{x}, log_{n}^{x}$ are in A.P and $x\neq 1$ then|the answer is $n^{2}= (l\cdot n)^{log_{l}^{m}}$|medium|$n^{2}= (l\cdot n)^{log_{l}^{m}}$|$n^{2}= (l\cdot n)^{log_{m}^{l}}$|$n^{2}= (m\cdot n)^{log_{l}^{m}}$|$n= (l\cdot n)^{log_{l}^{m}}$|$n^{2}= (l\cdot n)^{log_{l}^{m}}$
If the length of sides of the right angle triangle in AP then the ratio of their sides is|the answer is 3:4:5|medium|3:4:5|1:2:3|4:5:6|2:3:4|3:4:5
If $log_{3}^{2}, log_{3}^{2^{x} - 5}$ and $log_{3}^{2^{x} - \sfrac{7}{2}}$ are in A.P.What's the vslue of x?|the answer is 3|medium|3|2|1|4|3
What's the value of a for which $5^{1 + x} + 5^{1 - x}, \frac{a}{2}, 25^{x} + 25^{-x}$ are in A.P?|the answer is Sa \geq 12$|medium|Sa \geq 12$|Sa \geq 10$|Sa \geq 9$|none of these|Sa \geq 12$
If $3, 3log_{y}^{x},3log_{z}^{y}, 7log_{x}^{z}$ be in A.P, then|the answer is $x^{18}= y^{21}= z^{28}$|medium|$x^{18}= y^{21}= z^{28}$|$x^{28}= y^{21}= z^{18}$|none of these|both of these|$x^{18}= y^{21}= z^{28}$
If $log^{2}, log^{2^{x} + 1}, log^{2^{x} + 3}$ are in A.P, what is x?|the answer is $log^{5}$|medium|$log^{5}$|$log^{7}$|$log^{3}$|$log^{9}$|$log^{5}$
If $1, 3log_{y}^{x},3log_{z}^{y}, -15\cdot log_{x}^{z}$ be in A.P, then|the answer is $x= z^{3}$ and $y= z^{-3}$|medium|$x= z^{3}$ and $y= z^{-3}$|$x= z^{2}$ and $y= z^{-2}$|none of these|all of these|$x= z^{3}$ and $y= z^{-3}$
Can $\sqrt{2}, \sqrt{3}, \sqrt{5} be the terms of a single A.P$|the answer is no|hard|No|Yes|cann't be determined|insufficient information|No
A circle of one centimetre radius is drawn on a piece of paper with same centre 3n - 1 other circles are drawn of radii 2cm, 3cm, 4cm.The inner circle is painted blue, the ring between that and the next circles painted red, the next ring yellow, the other ring, blue, red, yellow, and so on, in this order.The areas of successasive rings are in|the andswer is A.P|medium|A.P|G.P|H.P|none of these|A.P
If x, y, z are in A.P (x, y, z $\neq$ 0) and $tan^{-1}x, tan^{-1}y, tan^{-1}z$ are also in A.P then|the answer is $x= y= z$|medium|x= 2y= 3z|x= y= z|none of these|x= y= 3z|x= y= z
If $\theta$ and $\alpha$ are two real numbers such that $\frac{cos^{4}\theta}{cos^{2}\alpha}, \frac{1}{2}, \frac{sin^{4}\theta}{sin^{2}\alpha}$ are in A.P, then $\frac{cos^{2n + 2}\theta}{cos^{2n}\alpha}, \frac{1}{2}, \frac{sin^{2n + 2}\theta}{sin^{2n}\alpha}$|the answer is A.P|A.P|hard||G.P|H.P|A.P
If $a_{n}= \int_{0}^{\pi} (\frac{sin(2nx)}{sin(x)}) \,dx$, then $a_{1}, a_{2}, a_{3}\cdots, a_{n}$ are in|the answer is A.P|medium|A.P|G.P|H.P|none of these|A.P
If $I_{n}= \int_{0}^{\frac{\pi}{4}} tan^{n}x$, then $\frac{1}{I_{2} + I_{4}}, \frac{1}{I_{3} + I_{5}}, \frac{1}{I_{4} + I_{6}}\cdots \frac{I_{n + 1}}{I_{n + 2}}$ are in|the answer is A.P|hard|A.P|G.P|H.P|none of these|A.P
If $I_{n}= \int_{0}^{\pi} \frac{1 - cos2nx}{1 - cos2x}dx\;or\;\int_{0}^{\pi} \frac{sin^{2}nx}{sin^{2}x}dx$ then $I_{1}, I_{2}, I_{3}$ are in the answer is A.P|the answer is A.P|hard|A.P|G.P|H.P|none of these|A.P
If $\alpha,\;\beta,\;\gamma$ are in A.P and $\alpha= sin(\beta + \gamma),\;\beta= sin(\gamma + \alpha),\;\gamma= sin(\alpha + \beta)$ then $tan\alpha= tan\beta= tan\gamma$|the answer is true|hard|true|false|cann't be determined|none of these|true
Suppose a, b and c are three positive real numbers in A.P such that abc= 4. The minimum value of b is|the answer is $4^{\frac{1}{3}$|medium|4^{2}|4^{\frac{1}{2}|$4^{\frac{1}{3}$|$4^{\frac{1}{4}$|$4^{\frac{1}{3}$
The sixth term of an A.P's 2 and its common difference is greater than 1. What's the value of the common difference of the progression such that the product of 1st, 4th and 5th term is greatest|the answer is $\frac{8}{5}$|hard|$\frac{8}{5}$|$\frac{8}{7}$|$\frac{8}{9}$|none of these|$\frac{8}{5}$
What's the sum to n terms of the series $loga + log\frac{a^{3}}{b} + log\frac{a^{5}}{b^{2}} + log\frac{a^{7}}{b^{3}}$|the answer is $log\left(\frac{a^{2n}}{b^{n - 1}}\right)^{\frac{n}{2}}$|medium|$log\left(\frac{a^{2n}}{b^{n - 1}}\right)^{\frac{n}{2}}$|$log\left(\frac{b^{n - 1}}{a^{2n}}\right)^{\frac{n}{2}}$|none of these|$log\left(\frac{b^{n - 1}}{a^{2n}}\right)^{n}$|$log\left(\frac{a^{2n}}{b^{n - 1}}\right)^{\frac{n}{2}}$
The first, second and last term of APRA, B and C, respectively Then the sum of all terms is equal to|the answer is all|medium|$\frac{n}{2}(2a + (n - 1)d)$|$\frac{n}{2}(a + c)$|$\frac{(b + c - 2a)(a + c)}{2(b - a)}$|all of these|all of these
If $S_{n}$ denotes the sum to end terms in AP, then $S_{n + 3}= 3(S_{n + 2} - S_{n + 1}) + S_{n}$|true|medium|true|false|cann't be found|none of these|true
If are in arithmetic probation with common difference d,then $\sum_{r < s} a_{r}\cdot a_{s}$ is|the answer is $\frac{n(n - 1)[a_{1}^{2} + (n - 1)a_{1}\cdot d}{2}$ + $\frac{n(n - 1)[(3n^{2} - 7n + 2)d^{2}]}{2}$|medium|$\frac{n(n - 1)[a_{1}^{2} + (n - 1)a_{1}\cdot d}{2}$ + $\frac{n(n - 1)[(3n^{2} - 7n + 2)d^{2}]}{2}$|$\frac{n(n - 1)[a_{1}^{2} + (n - 1)a_{1}\cdot d}{2}$ + $\frac{n(n + 1)[(3n^{2} - 7n + 2)d^{2}]}{2}$|$\frac{n(n + 1)[a_{1}^{2} + (n - 1)a_{1}\cdot d}{2}$ + $\frac{n(n - 1)[(3n^{2} + 7n + 2)d^{2}]}{2}$|none of these|$\frac{n(n - 1)[a_{1}^{2} + (n - 1)a_{1}\cdot d}{2}$ + $\frac{n(n - 1)[(3n^{2} - 7n + 2)d^{2}]}{2}$
Balls are arranged in a row to form an equilateral triangle. The first row consist of one ball the second of two balls and so on. If 669 more balls are added, then all the balls can be arranged in the shape of a square And each of it's sides contain 8 ball less than each side of the triangle did determine the initial number of balls.|the answer is 1540|medium|1500|1550|1540|1670|1540
How many terms of the series $1 + 3 + 5 + 7 +\cdots$ amount to 1234321?|the answer is 1111|medium|1000|1111|1600|1500|1111
The sum of the product of first a natural numbers taken 2 at a time is|the answer is $\frac{1}{24}\cdot n(n^{2} - 1)(3n + 2)$|medium|$\frac{1}{24}\cdot n(n^{2} - 1)(3n + 2)$|$\frac{1}{12}\cdot n(n^{2} - 1)(3n + 2)$|$\frac{1}{24}\cdot n(n^{2} + 1)(3n + 2)$|none of these|$\frac{1}{24}\cdot n(n^{2} - 1)(3n + 2)$
A postman delivered daily 42 days 4 more each day then on the previous day. Total delivery for the first 24 days of the period was same as that of the last 18 days, how many letters did he deliver during the whole period?|the answer is 12096|medium|12096|15096|20096|17000|12096
n balls are placed in a straight line on a straight road, the distance between end to consecutive balls being two metres A runner starts from a basket five metres in the first ball, picks up the balls and brings them back to the basket one by one. Find expression for the total distance he has to run?|the answer is $2n^{2} + 8n$|medium|$2n^{2} + 8n$|$2n^{2} - 8n$|$4n^{2} + 8n$|none of these|$2n^{2} + 8n$
A cashier has to count a bundle of rupees 12,000 ₹1 notes He countd at the rate of 150 per minute per an hour at the end of which he begins to count at rate of ₹2 less every minute. Then he did the previous minute. How long he will take to finish his task? Explain the double answer|the answer is 1 hour 24 minutes|medium|1 hour 24 minutes|1 hour 30 minutes|1 hour|none of these|1 hour 24 minutes
If $S_{n}$ denotes the sum to n terms of an A.P an and $S_{n}= n^{2}\cdot p$, $S_{m}=m^{2}\cdot p$ then $S_{p}$ equals|the answer is $p^{3}$|medium|$p$|$p^{2}$|$p^{3}$|none of these|$p^{3}$
There are n A.P whose common differences are $1,\;2,\;3$ respectively, the first term of each being unity, the sum of their nth terms is|the answwr is $\frac{n(n^{2} + 1)}{2}$|medium|$\frac{n(n^{2} + 1)}{2}$|$\frac{n(n^{2} - 1)}{2}$|$\frac{3n(n^{2} - 1)}{2}$|none of these|$\frac{n(n^{2} + 1)}{2}$
If $S_{1}, S_{2}, S_{3}\cdots, S_{m}$ are the sum to n terms of m A.P's whose first terms are $1, 2, 3, \cdots m$ and whose common diffrences are $1, 3, 5\cdots 2m - 1$ then $S_{1} + S_{2} + S_{3} + \cdots S_{m}$ equals|the answer is $\frac{mn(mn + 1)}{2}$|medium|$\frac{mn(mn + 1)}{2}$|$\frac{mn(mn - 1)}{2}$|$\frac{mn(mn - 1)}{3}$|none of these|$\frac{mn(mn + 1)}{2}$
Find sum of one plus one times of the series $1 + 2\cdot 2 + 3 + 2\cdot 4 + 5 + 2\cdot 6 + 7\cdots$|the answer is $3n^{2} + 4n + 1$|medium|$3n^{2} + 4n + 1$|$3n^{2} + 4n - 1$|$3n^{2} + 5n + 1$|$5n^{2} + 4n + 1$|$3n^{2} + 4n + 1$
The sum to n terms of the series $1 + 2\cdot 2^{2} + 3^{2} + 2\cdot 4^{2} + 5^{2} + 2\cdot 6^{2}\cdots$|the answwr is $\frac{n(n + 1)^{2}}{2} when n is even and $\frac{n^{2}(n + 1)}{2}$ when n is odd|medium|$\frac{n(n + 1)^{2}}{2} when n is even and $\frac{n^{2}(n + 1)}{2}$ when n is odd|$\frac{n(n + 1)^{2}}{2} when n is odd and $\frac{n^{2}(n + 1)}{2}$ when n is even|$\frac{n(n - 1)^{2}}{2} when n is even and $\frac{n^{2}(n - 1)}{2}$ when n is odd|none of these|$\frac{n(n + 1)^{2}}{2} when n is even and $\frac{n^{2}(n + 1)}{2}$ when n is odd
If m and $r /geq$ 2 are integers, then $m^{r}$ can be written as the sum of m consecutive odd integers|the answer is true|medium|true|false|cann't be determined|none of these|true
Straight line is drawn through the center of the square ABCD intersecting side AB at the point N so that AN:NB= 1:2.On this line take an arbitrary point M laying inside the square. Then the distance from the the point M to the sides AB, AD, BC, CD of the square taken in that order forms an|the answer is AP|hard|A.P|H.P|G.P|none of these|A.P
The pth, qth, rth terms of a G.P are positive numbers a, b, b respectively, then the vectors $(loga)\vec{i} + (logb)\vec{j} + (logc)\vec{k}$ and $(q - r)\vec{i} + (r - p)\vec{j} + (p - q)\vec{k}$ are|the andswer is perventicular|medium|parallel|parpendicular|skewed|none of these
The pollution in a normal atmosphere is less than 0.01% than due to leakage of a gas from a factory the pollution is increased to 20% if every day, 80% of the pollution atmosphere neutralised. You know how many days atmosphere we will be normal|the answer is 5|medium|5|4|7|9|5
The sides of a triangle are in G.P and its largest angles twice the smallest one The common ratio of the GP lies in the interval|the answer is (1, $\sqrt{2}$)|medium|(1, $\sqrt{2}$)|(\frac{1}{2}, $\sqrt{2}$)|(1, 2)|(1, 3)|(1, $\sqrt{2}$)
If a, b, c, d are in G.P then, $a\cdot x^{3} + b\cdot x^{2} + c\cdot x + d$ is divisible by|the answer is $a\cdot x^{2} + c$|medium|$a\cdot x^{2} + c$|$a\cdot x^{2} + b$|$b\cdot x^{2} + c$|none of these|$a\cdot x^{2} + c$
If a, b, c are three distinct real roots and they are in G.P.If a + b + c= xb then|the answer is $x \lt -1$ or x \gt 3$|medium|$x \lt -1$ or x \gt 3$|$x \lt -2$ or x \gt 3$|none of these|$x \lt -3$ or x \gt 3$|$x \lt -1$ or x \gt 3$
If a, b, c, d, p are real and $(a^{2} + b^{2} + c^{2})\cdot p^{2}$ - 2(ab + bc + cd)p + (b^{2} + c^{2} + d^{2}) \geq 0$, then a, b, c, d are in|the answer is G.P|medium|A.P|G.P|H.P|none of these|G.P
If 2x^{4}= y^{4} + z^{4}, x\cdot y\cdot z= 8, and $log_{y}^{x}, log_{z}^{y}, log_{x}^{z}$ are in G.P, then|the answer is x= y= z= 2|medium|x= y= z= 2|x= y= z= 3|x= y= z= 4|x= y= z= 1|x= y= z= 2
If $a_{1}, a_{2}, a_{3}, a_{4}$ are real numbers such that (a_{1}^{2} + a_{2}^{2} + a_{3}^{2})(a_{2}^{2} +a_{3}^{2} + a_{4}^{2})= (a_{1}a_{2} + a_{2}a_{3} + a_{3}a_{4})^{2}$, then $a_{1}, a_{2}, a_{3}, a_{4}$ are in|the answer is G.P|medium|A.P|G.P|H.P|none of these|G.P
If N be the number a, b, c, d satisfing the folowing conditions a, b, c, d are both A.P and G.P and b= 2 then, what is the value of N?|the answer is 1|medium|4|1|2|3|1
If $log_{x}^{a}, a^{\frac{x}{2}}, log_{b}^{x}$ are in G.P, then find x|the answer is $log_{a}^{log_{b}^{a}}$|medium|$log_{a}^{log_{b}^{a}}$|$log_{b}^{log_{b}^{a}}$|none of these|both of these|$log_{a}^{log_{b}^{a}}$
The (m + n)th and (m - n)th terms of a GP are p and q respectively then the mth and nth terms are|the answer is $\sqrt{pq}$ and $p\cdot \left(\frac{q}{p}\right)^{\frac{m}{2n}}$ respectively|medium|$\sqrt{pq}$ and $p\cdot \left(\frac{q}{p}\right)^{\frac{m}{2n}}$ respectively| $p\cdot \left(\frac{q}{p}\right)^{\frac{m}{2n}}$ and $\sqrt{pq}$ respectively|$\sqrt{pq} and \sqrt{\frac{p}{q}} respectively|none of these|$\sqrt{pq}$ and $p\cdot \left(\frac{q}{p}\right)^{\frac{m}{2n}}$ respectively
Does there exist a geometric progression having 20, 21, 22 as three terms in it?|the answer is No|medium|Yes|No|cann't be determined|maybe|No
Can 875, 25, 243 be terms of a G.P?|the answer is No|medium|Yes|No|cann't be determined|maybe|No
If the pth qth and rth term of an A.P are also in a G.P, then find the common ratio of the G.P|the answer is both of these|medium|$\frac{r - q}{q - p}$|$\frac{q - r}{p - q}$|both of these|none of these|both of these
A G.P consist of 2n terms .If the sum of the terms occupying the odd places is $S_{1}$ and that of the terms in even places is $S_{2}$ then the ratio of the progression is|$\frac{S_{2}}{S_{1}}$|medium|$\frac{S_{1}}{S_{2}}$|none of these|both of these|$\frac{S_{2}}{S_{1}}$|$\frac{S_{2}}{S_{1}}$
If $x\neq 1$, $y\neq 1$ and $x\neq y$, find the sum to n terms of the  series $(x + y) + (x^{2} + x\cdot y + y^{2}) + (x^{3} + x^{2}y + xy^{2} + y^{3}) + \cdots$|the answer is $\frac{1}{x - t}\left[\frac{x^{2}(x^{n} - 1)}{x - 1} - \frac{y^{2}(y^{n} - 1)}{y - 1}\right]$|medium|$\frac{1}{x - t}\left[\frac{x^{2}(x^{n} - 1)}{x - 1} - \frac{y^{2}(y^{n} - 1)}{y - 1}\right]$|$\frac{1}{x - y}\left[\frac{x^{2}(x^{n} - 1)}{x - 1} + \frac{y^{2}(1 - y^{n})}{y - 1}\right]$|both of these|none of these|both of these
Find a geometric progression of real numbers such that the sum of its first 4 terms is equal to 30 and some of the first of the first four terms is 340|the answer is 2, 4, 8, 16, 32 or 16, 8, 4, 2, 1, $\frac{1}{2}$|medium|2, 4, 8, 16, 32|16, 8, 4, 2, 1, $\frac{1}{2}$|both of these|none of these|both of these
Let $S_{n}$ denotes the sum of n terms with G.P whose first term and common ratios are a and r respectively, then $rS_{n} + (1 - r)\sum_{n= 1}^{n}$ is|the answer is na|medium|n\cdot a|(n + 1)\cdot a|n^{2}\cdot a|(n + 2)a|n\cdot a
Find The Sum to 2n terms of the series whose every even term is x times the term just before it and every odd term is y times the term just before it. The first term being unity.|the answer is $(1 + x)\left[\frac{1 - (xy)^{n}}{1 - xy}\right]$|medium|$(1 - x)\left[\frac{1 - (xy)^{n}}{1 - xy}\right]$|$(1 + x)\left[\frac{1 - (xy)^{n}}{1 - xy}\right]$|$(1 - x)\left[\frac{1 - (xy)^{n}}{1 + xy}\right]$|$(1 - x)\left[\frac{1 + (xy)^{n}}{1 + xy}\right]$|$(1 + x)\left[\frac{1 - (xy)^{n}}{1 - xy}\right]$
The sequence of numbers $49, 4489,444889 \cdots$ in which every term is made by inserting 48 in the middle of the previous number. as indicated, each number is what of an integer.|the answer is square|medium|square|cube|both of these|none of these|square
If there be m quantity in G.P, whose common ratio is r and $S_{m}$ denotes the sum of the first m terms then the sum of their products taken two at a time is|the answer is $\frac{r}{r + 1}S_{m}\cdots s_{m - 1}$|medium|$\frac{r}{r + 1}S_{m}\cdots s_{m - 1}$|$\frac{r}{r - 1}S_{m}\cdots s_{m - 1}$|$\frac{r}{r + 1}S_{m}\cdots s_{m + 1}$|$\frac{r + 1}{r}S_{m}\cdots s_{m + 1}$|$\frac{r}{r + 1}S_{m}\cdots s_{m - 1}$
Find the value of x and  given $$logx + logx^{\frac{1}{2}} + logx^{\frac{1}{4}}= y$$ $$\frac{1 + 3 + 5 +\cdots (2y - 1)}{4 + 7 + 10\cdots (3y + 1)}= \frac{20}{7logx}$$|the answer is x= $10^{5}$, y= 10|medium|x= $10^{5}$, y= 10|x= $10^{5}$, y= 100|x= $10^{7}$, y= 10|x= $10^{7}$, y= $10^{3}$|x= $10^{5}$, y= 10
If $a_{1}, a_{2}, a_{3}\cdots, a_{n}$ form a G.P and $$S= a_{1} + a_{2} + a_{3}\cdots + a_{n}$$ $$T= \frac{1}{a_{1}} + \frac{1}{a_{2}} + \frac{1}{a_{3}} + \cdots + \frac{1}{a_{n}}$$ and P= $$a_{1}\cdot a_{2}\cdot a_{3}\cdots a_{n}$$, then|the answer is P^{2}= \left(\frac{S}{T}\right)^{n}|medium|P^{2}= \left(\frac{S}{T}\right)^{n}|P= \left(\frac{S}{T}\right)^{n}|P^{2}= \left(\frac{S}{T}\right)|none of these|P^{2}= \left(\frac{S}{T}\right)^{n}
Let a, b, c be respectively the sums of the first n terms, the next terms and the next n terms of the G.P, then a, b, c are in|the answer is G.P|medium|A.P|G.P|H.P|none of these|G.P
If $S_{n}$ denotes the sum to n terms of a GP, whose first term and common ratio, are a and r respectively then $S_{1} + S_{2} + S_{3} +\cdots + S_{n}$ and $S_{1} + S_{3} + S_{5} +\cdots + S_{2n - 1}$ is equal to|the answer is $\frac{na}{1 - r} - \frac{ar(1 - r^{n}}}{(1 - r)^{2}}$ and $\frac{na}{1 - r} - \frac{ar(1 - r^{2n}}}{(1 - r)^{2}(1 + r)}$ respectively|medium|$\frac{na}{1 - r} - \frac{ar(1 - r^{n}}}{(1 - r)^{2}}$ and $\frac{na}{1 - r} - \frac{ar(1 - r^{2n}}}{(1 - r)^{2}(1 + r)}$ respectively|$\frac{na}{1 + r} - \frac{ar(1 - r^{n}}}{(1 - r)^{2}}$ and $\frac{na}{1 + r} - \frac{ar(1 - r^{2n}}}{(1 - r)^{2}(1 + r)}$ respectively|$\frac{a}{1 - r} - \frac{ar(1 - r^{n}}}{(1 - r)^{2}}$ and $\frac{a}{1 - r} - \frac{ar(1 - r^{2n}}}{(1 - r)^{2}(1 + r)}$ respectively|$\frac{na}{1 - r} - \frac{ar(1 + r^{n}}}{(1 - r)^{2}}$ and $\frac{na}{1 - r} - \frac{ar(1 - r^{2n}}}{(1 + r)^{2}(1 + r)}$ respectively|$\frac{na}{1 - r} - \frac{ar(1 - r^{n}}}{(1 - r)^{2}}$ and $\frac{na}{1 - r} - \frac{ar(1 - r^{2n}}}{(1 - r)^{2}(1 + r)}$ respectively
Let s denote the sum of terms of an  infinite geometric progression and $\sigma^{2}$ the sum of the squares of its terms. Then the sum of the first n terms of this geometric progression is given by|the answer is $s\cdot \left[1 - \left(\frac{s^{2} - \sigma^{2}}{s^{2} + \sigma^{2}}\right)^{n}\right]$|medium|$s\cdot \left[1 - \left(\frac{s^{2} - \sigma^{2}}{s^{2} + \sigma^{2}}\right)^{n}\right]$|$s\cdot \left[1 + \left(\frac{s^{2} - \sigma^{2}}{s^{2} + \sigma^{2}}\right)^{n}\right]$|$s\cdot \left[1 - \left(\frac{s^{2} + \sigma^{2}}{s^{2} - \sigma^{2}}\right)^{n}\right]$|$s\cdot \left[1 + \left(\frac{s^{2} + \sigma^{2}}{s^{2} - \sigma^{2}}\right)^{n}\right]$|$s\cdot \left[1 - \left(\frac{s^{2} - \sigma^{2}}{s^{2} + \sigma^{2}}\right)^{n}\right]$
If $a_{1}, a_{2}, a_{3}\cdots, a_{n}$ are in G.P with first term a and common ratio r .Then the sum of the products of $a_{1}, a_{2}, a_{3}\cdots, a_{n}$ then two at a time is|the answer is $\frac{a^{2}r(1 - r^{n - 1))(1 - r^{n})}{(1 - r)^{2}(1 + r)}$|medium|$\frac{a^{2}r(1 - r^{n - 1))(1 - r^{n})}{(1 - r)^{2}(1 + r)}$|$\frac{ar(1 - r^{n - 1))(1 - r^{n})}{(1 - r)^{2}(1 + r)}$|$\frac{a^{2}r(1 + r^{n - 1))(1 + r^{n})}{(1 - r)^{2}(1 + r)}$|$\frac{a^{2}r(1 - r^{n - 1))(1 - r^{n})}{(1 - r)^{3}}$|$\frac{a^{2}r(1 - r^{n - 1))(1 - r^{n})}{(1 - r)^{2}(1 + r)}$
If $a_{1}, a_{2}, a_{3}\cdots, a_{n}$ are in G.P with first term a and common ratio r then $\frac{1}{a_{1}^{2} - a_{2}^{2}} + \frac{1}{a_{2}^{2} - a_{3}^{2}}\cdots + \frac{1}{a_{n - 1}^{2} - a_{n}^{2}}$ and $\frac{1}{a_{1}^{m} - a_{2}^{m}} + \frac{1}{a_{2}^{m} - a_{3}^{m}}\cdots + \frac{1}{a_{n - 1}^{m} - a_{n}^{m}}$ is,|the answer is $\frac{r^{2}(1 - r^{2n - 2})}{a^{2}r^{2n - 2}(1 - r^{2})^{2}}$ and $\frac{r^{m(n - 1)} - 1}{a^{m}(1 + r^{m})(r^{m(n - 1)} - r^{m(n - 2)})}$|medium|$\frac{r^{2}(1 - r^{2n - 2})}{a^{2}r^{2n - 2}(1 - r^{2})^{2}}$ and $\frac{r^{m(n - 1)} - 1}{a^{m}(1 + r^{m})(r^{m(n - 1)} - r^{m(n - 2)})}$|$\frac{r^{2}(1 - r^{2n + 2})}{a^{2}r^{2n + 2}(1 - r^{2})^{2}}$ and $\frac{r^{m(n - 1)} - 1}{a^{m}(1 + r^{m})(r^{m(n - 1)} - r^{m(n - 2)})}$|$\frac{r^{2}(1 + r^{2n - 2})}{a^{2}r^{2n - 2}(1 + r^{2})^{2}}$ and $\frac{r^{m(n - 1)} - 1}{a^{m}(1 + r^{m})(r^{m(n - 1)} - r^{m(n - 2)})}$|$\frac{r^{2}(1 + r^{2n + 2})}{a^{2}r^{2n + 2}(1 + r^{2})^{2}}$ and $\frac{r^{m(n - 1)} - 1}{a^{m}(1 + r^{m})(r^{m(n - 1)} - r^{m(n - 2)})}$|$\frac{r^{2}(1 - r^{2n - 2})}{a^{2}r^{2n - 2}(1 - r^{2})^{2}}$ and $\frac{r^{m(n - 1)} - 1}{a^{m}(1 + r^{m})(r^{m(n - 1)} - r^{m(n - 2)})}$
If $a_{1}, a_{2}, a_{3}\cdots, a_{2n}$ are in G.P then $\sqrt{a_{1}a_{2}} + \sqrt{a_{3}a_{4}} + \sqrt{a_{5}a_{6}} +\cdots + \sqrt{a_{2n - 1}a_{2n}}$,|the answer is $\sqrt{(a_{1} + a_{3} + \cdots a_{2n - 1})(a_{2} + a^{4} + \cdots + a_{2n})}$|medium|$\sqrt{(a_{1} + a_{3} + \cdots a_{2n - 1})(a_{2} + a^{4} + \cdots + a_{2n})}$|$(a_{1} + a_{3} + \cdots a_{2n - 1})(a_{2} + a^{4} + \cdots + a_{2n})$|none of these|both of these|$\sqrt{(a_{1} + a_{3} + \cdots a_{2n - 1})(a_{2} + a^{4} + \cdots + a_{2n})}$
What's the solution of the system equations $1 + x + x^{2} + x^{3}\cdots + x^{23}= 0$ and $1 + x + x^{2} + x^{3}\cdots + x^{19}= 0$|the answer is -1, i, -i|medium|-1, i, -i|1, i, -i|-2, i, -i|-1, i, -2i|-1, i, -i
A man is to receive ₹a at the end of the first year, ₹2a at the end of second year. ₹3a at the end of 3rd year, and so on, assuming the process continues in definitely if the rate of interest is rupees r per rupee per year. And it is  compounded annually find the percent value of the income|the answer is $\frac{a(1 + r)}{r^{2}}$|medium|$\frac{a(1 + r)}{r^{2}}$|$\frac{a(1 - r)}{r^{2}}$|none of these|both of these|$\frac{a(1 + r)}{r^{2}}$
A man invest ₹a at the end of first year ₹2a at the end of second year. ₹3a at the end of 3rd year and so on. Up to the end of the nth year, if the interest rate is  ₹r per rupee, and the interest is compounded annually, find the amount man will receive at the end of (n - 1)th year|the answer is $\frac{a(1 + r)^{2}[(1 + r)^{n} - 1]}{r^{2}} - \frac{na(1 + r)}{r}$|medium|$\frac{a(1 + r)^{2}[(1 + r)^{n} - 1]}{r^{2}} - \frac{na(1 + r)}{r}$|$\frac{a(1 + r)^{2}[(1 + r)^{n} + 1]}{r^{2}}$ - \frac{na(1 + r)}{r}|$\frac{a(1 + r)^{2}[(1 + r)^{n} - 1]}{r} - \frac{na(1 + r)}{r}$|none of these|$\frac{a(1 + r)^{2}[(1 + r)^{n} - 1]}{r^{2}} - \frac{na(1 + r)}{r}$
A full tank contains 729 litres of pure acid Firstm litres of acid was poured out, and the tank was filled to the brim with water after the content was totally stirred up and m litres of solution was pulled out. The tank was filled with water once again and through steering was carried out after this operation was carried out 6 times. The solution in the tank contains 64 litres, pure acid. Then find the value of m|the answwr is 243|medium|243|250|260|270|243
To a vessel containing pure water 6 litres of 64% alcohol solution are added.The solution is thoroughtly mixed and equal quantity of the solution is poured out. How much water was there originally in the vessel if after performing this operation 3 times the vessel contained a solution which is 37% concentration of alcohol?|the answer is 18 litres|medium|18 litres|20 liters|16 liers|15 liters|18 litres
Find the value of $(0.16)^{log_{2.5}^{\frac{1}{3} + \frac{1}{3^{2}} + \frac{1}{3^{3}} + \infty}}$|the answer is 4|medium|4|5|6|9|4
One side of an equilateral triangle is 24 centimetres. The midpoint of its sides are joined to form another triangle whose mid points are in turn joined to form still another triangle. This process continues indefinitely. Find the sum of the perimeters of all the triangles.|the answer is 144 cm|medium|144 cm|120 cm|150 cm|140 cm|144 cm
A ball is dropped from a height of 900 centimetres each time it rebounded it rises to two third of the height it has fallen through through find the total distance travelled by the ball before it comes to rest.|the answer is 45 m|medium|45 m|4500 cm|0.045 km|all of these|all of these
A square is drawn by joining the midpoint of the sides. We given a squared is gone inside the second square in the same way. And this process continues indefinitely. If a side of the first square is 5 cm. Determine the sound of the areas of all the squares|the answer is 32 $cm^{2}$|medium|32 $cm^{2}$|42 $cm^{2}$|15 $cm^{2}$|25 $cm^{2}$|32 $cm^{2}$
In a increasing GP, the sum of the first and the last term is 66 the product of the second and last but one term is 128. And the sum of all the terms is 126. How many terms are there in the progression?|the answer is 6|medium|6|7|8|9|6
The sum of an infinite GP is two, and the sum of the GP made from the cubes of the terms of this infinite theory, this 24th and find the series|the answer is $3, -\frac{3}{2}, \frac{3}{4}\cdots$|medium|$3, -\frac{3}{2}, \frac{3}{4}\cdots$|$3, \frac{3}{2}, \frac{3}{4}\cdots$|$3, \frac{3}{4}, \frac{3}{16}\cdots$|none of these|$3, -\frac{3}{2}, \frac{3}{4}\cdots$
The sum of an infinite geometric series is 3 and the sum of the squares of the terms of this series is also 3. Find the series|the answer is $\frac{3}{2}, \frac{3}{4}, \frac{3}{8}\cdots$|medium|$\frac{3}{2}, \frac{3}{4}, \frac{3}{8}\cdots$|$\frac{3}{4}, \frac{3}{16}, \frac{3}{64}\cdots$|$3, \frac{3}{2}, \frac{3}{4}\cdots$|none of these|$\frac{3}{2}, \frac{3}{4}, \frac{3}{8}\cdots$
If the sum of an infinite decreasing GP is 3.5 and the sum of the squares terms is $\frac{147}{16}$ then some of the cubes of the termsis|the answer is $\frac{1089}{38}$|medium|$\frac{1089}{38}$|$\frac{1089}{40}$|$\frac{1098}{38}$|$\frac{2067}{38}$|$\frac{1089}{38}$
Find the value of x $]-\pi, \pi[$ which satisfies the equation $8^{1 + \lvert cosx \rvert + cos^{2}x + \lvert cos^{3}x \rvert + \cdots \infty}$|the answer is $\pm \frac{\pi}{3}$ and $\pm \frac{2\pi}{3}$|medium|$\pm \frac{\pi}{3}$ and $\pm \frac{2\pi}{3}$|$\pm \frac{\pi}{4}$ and $\pm \frac{2\pi}{3}$|$\pm \frac{\pi}{3}$ and $\pm \frac{\pi}{2}$|none of these|$\pm \frac{\pi}{3}$ and $\pm \frac{2\pi}{3}$
If $$A= 1 + r^{a} + r^{2a} +\cdots \infty$$ $$B= 1 + r^{b} + r^{2b} +\cdots \infty$$ then r equals|the answer is $(\frac{A - 1}{A})^{\frac{1}{a}}$ and $(\frac{B - 1}{B})^{\frac{1}{b}}$|medium|(\frac{A - 1}{A})^{\frac{1}{a}}|(\frac{B - 1}{B})^{\frac{1}{b}}|none of these|both of these|both of these
If $s_{1}, s_{2}, s_{3}\cdots s_{n}$ are the sum of infinite geometric progression whose first term are $1, 2, 3\cdots n$ and common ratios are $\frac{1}{2}, \frac{1}{3}, \frac{1}{4}\cdots \frac{1}{n +1}$ then $s_{1} + s_{2} + s_{3}\cdots + s_{n}$|the answer is $\frac{n(n + 3)}{2}$|medium|$\frac{n(n + 3)}{2}$|$\frac{n(n - 3)}{2}$|$\frac{n(2n + 3)}{2}$|none of these|$\frac{n(n + 3)}{2}$
If $s_{1}, s_{2}, s_{3}\cdots s_{n}$ are the sum of infinite geometric progression whose first term are $1, 2, 3\cdots n$ and common ratios are $\frac{1}{2}, \frac{1}{3}, \frac{1}{4}\cdots \frac{1}{n +1}$ then $Lt_{n\rightarrow \infty} \frac{s_{1}s_{n} + s_{2}s_{n - 1} +\cdots + s_{n}s_{1}}{s_{1}^{2} + s_{2}^{2} + s_{3}^{2}\cdots + s_{n}^{2}}$|the answer is $\frac{1}{2}$|hard|$\frac{1}{2}$|$\frac{1}{3}$|$\frac{1}{4}$|none of these|$\frac{1}{2}$
If $S_{r}$ denotes the sum of the series $1 + r^{p} + r^{2p} +\cdots \infty$ and $S_{p}$ the sum of the series $1 - r^{p} + r^{2p} -\cdots \infty$ then $S_{p} + S_{r}$ is|the answer is $2\cdot S_{2p}$|medium|$3\cdot S_{2p}$|$2\cdot S_{2p}$|$4\cdot S_{2p}$|none of these|$2\cdot S_{2p}$
The sum of the terms of infinitely decreasing GP is equal to the greatest value of the function $f(x)= x^{3} + 3x - 9$ on the interval [-5, 3] and the difference between the 1st and 2nd terms is f'(0) then the common ratio of the G.P is|the answer is $\frac{2}{3}$|medium|$\frac{2}{3}$|$\frac{1}{3}$|$\frac{4}{3}$|none of these|$\frac{2}{3}$
Find the value of the series $\frac{5}{13} + \frac{55}{13^{2}} + \frac{555}{13^{3}} +\cdots \infty$|the answer is $\frac{65}{36}$|medium|$\frac{65}{36}$|$\frac{70}{36}$|$\frac{65}{49}$|none of these|$\frac{65}{36}$
If $exp((sin^{2}x + sin^{4}x + sin^{6}x +\cdots \infty)ln2)$ satisfies the equation $x^{2} - 9x + 8= 0$, find the value of $\frac{cosx}{cosx + sinx}$, $0 \lt x \lt \frac{\pi}{2}$|the answer is $\frac{\sqrt{3} - 1}{2}$|medium|$\frac{\sqrt{3} - 1}{2}$|$\frac{\sqrt{3} + 1}{2}$|$\frac{\sqrt{2} - 1}{2}$|none of these|$\frac{\sqrt{3} - 1}{2}$
If $-\frac{\pi}{2} \lt x \lt \frac{\pi}{2}$ and the sum to infinite number of terms of the series $cosx + \frac{2cosxsin^{2}x}{3} + \frac{4cosxsin^{4}x}{p} \cdots$ is finite then x lies in the set|the answer is $\left(-\frac{\pi}{2}, \frac{\pi}{2}\right)$|medium|$\left(-\frac{\pi}{2}, \frac{\pi}{2}\right)$|$\left(-\pi, \pi)$|both of these|none of these|both of these
If $exp((sin^{2}x + sin^{4}x + sin^{6}x +\cdots \infty)ln2)$ satisfies the equation $x^{2} - 9x + 8= 0$, find the value of $\frac{sinx - cosx}{cosx + sinx}$, $0 \lt x \lt \frac{\pi}{2}$|the answer is $\frac{\sqrt{3} - 1}{2}$|medium|$2 - \sqrt{3}$|$\frac{\sqrt{3} + 1}{2}$|$\frac{\sqrt{2} - 1}{2}$|none of these|$2 - \sqrt{3}$
If $exp((1 + \lvert cosx \rvert + cos^{2}x + \lvert cos^{3}x \rvert \cdots \infty)ln4)$ satisfies the equation $y^{2} - 20y + 64= 0$, find the value of x, $0 \lt x \lt \pi$|the answer is $\frac{\sqrt{3} - 1}{2}$|medium|$2 - \sqrt{3}$|$\frac{\sqrt{3} + 1}{2}$|$\frac{\sqrt{2} - 1}{2}$|none of these|$2 - \sqrt{3}$
Find a three digit number whose consecutive digits form a G.P. If we subtract 792 from this number, we get a number consisting of the same digits written in the reverse order. Now, if we increase the second digit of the required number by 2 the resulting number will form an A.P|the answer is 931|medium|139|931|248|111|931
An A.P and a G.P each has p as first term in q as second term, where $0\lt p\lt q$.If  the sum to infinity of the GP is s, then the sum to the first n terms of the A.P may be written as|the answer is $np - \frac{n(n - 1)}{2}\cdot \frac{p^{2}}{s}$|medium|$np - \frac{n(n - 1)}{2}\cdot \frac{p^{2}}{s}$|$np + \frac{n(n - 1)}{2}\cdot \frac{p^{2}}{s}$|$np + \frac{n(n + 1)}{2}\cdot \frac{p^{2}}{s}$|none of these|$np - \frac{n(n - 1)}{2}\cdot \frac{p^{2}}{s}$
If $log_{x}^{y}, log_{z}^{x}, log_{y}^{z}$ are in G.P, xyz= 64, and $x^{3}, y^{3}, z^{3}$ are in A.P then the value of x, y, z is|the answer is x= y= z= 4|medium|x= y= z= 4|x= y= z= 5|x= y= z= 3|none of these|x= y= z= 4
What're all the complex numbers x and y such that x, x + 2y, 2x + y are in AP and $(y + 1)^{2}, xy + 5, (x + 1)^{2}$ in GP|the answer is x= 1, y= 3|medium|x= 1, y= 3|x= 3i, y= i|x= 1 + 2i, y= 3i|x= 3, y= 1|x= 1, y= 3
Find AP of distinct terms whose first term is 3 and 2nd, 10th, 34th term form a G.P|the answer is 3, 4, 5|medium|3, 4, 5|3, 5, 7|3, 6, 9|none of these|3, 4, 5
Let a, b, c, d be four positive real numbers such that geometric mean of a and b is equal to the geometric mean of c and d and the arithmetic mean of $a^{2}$ and $b^{2}$ is equal to the aritmetic mean of $c^{2}$ and $d^{2}$ then which of these option is true|the answer is arithmetic mean of $a^{n}\;and\; b^{n}$ is equal to the aritmetic mean of $c^{n}$ and $d^{n}$ for any integer n|medium|arithmetic mean of $a^{n}\;and\; b^{n}$ is equal to the aritmetic mean of $c^{n}$ and $d^{n}$ for any integer n|arithmetic mean of $a^{n}\;and\; b^{n}$ is equal to the aritmetic mean of $c^{n}$ and $d^{n}$ for any rational number n|both of these|none of these|arithmetic mean of $a^{n}\;and\; b^{n}$ is equal to the aritmetic mean of $c^{n}$ and $d^{n}$ for any integer n
The sum of the first 10 terms of an AP is equal to 155 and sum of the first two terms of the GP is 9.Find these progressions if the first term of the AP is the common ratio of G.P, and the 1st one is GP is the common difference of AP.|the answer is AP= 2, 5, 8 and G.P is 3, 6, 12 or A.P= $\frac{25}{2}, \frac{79}{6}, \frac{83}{6}$ and G.P= $\frac{2}{3}, \frac{25}{3}, \frac{625}{6}$|medium|AP= 2, 5, 8 and G.P is 3, 6, 12|A.P= $\frac{25}{2}, \frac{79}{6}, \frac{83}{6}$ and G.P= $\frac{2}{3}, \frac{25}{3}, \frac{625}{6}$|both of these|none of these|both of these
If a, b, c are in H.P, then $\left(\frac{1}{a} + \frac{1}{b} - \frac{1}{c}\right)\cdots \left(\frac{1}{b} + \frac{1}{c} - \frac{1}{a}\right)$ is equal to|the answer is $\frac{4}{ac} - \frac{3}{b^{2}}$|medium|$\frac{4}{ac} - \frac{3}{b^{2}}$|$\frac{4}{ac} + \frac{3}{b^{2}}$|$\frac{4}{ac} - \frac{3}{b}$|$\frac{4}{a^{2}\cdot c} - \frac{3}{b^{2}}$|$\frac{4}{ac} - \frac{3}{b^{2}}$
If a, b, c are positive real numbers which are in A.P then|the answer is $\frac{a + b}{2a - b} + \frac{c + b}{2c - b} \geq 4$|medium|$\frac{a + b}{2a - b} + \frac{c + b}{2c - b} \geq 4$|$\frac{a + b}{2a - b} + \frac{c + b}{2c - b} \gt 4$|$\frac{a + b}{2a - b} + \frac{c + b}{2c - b} \geq 4$|none of these|$\frac{a + b}{2a - b} + \frac{c + b}{2c - b} \geq 4$
If $\frac{a + b}{1 - ab}, b, \frac{b + c}{1 - bc}$ are in A.P then $a, b^{-1}, c$ are in|the answer is H.P|medium|A.P|G.P|H.P|none of these|H.P
Suppose a, b, c are in A.P and $\lvert a \rvert, \lvert b \rvert, \lvert c \rvert lt 1$ if $$x= 1 + a + a^{2}\cdots \infty$$ $$y= 1 + b + b^{2}\cdots \infty$$ $$z= 1 + c + c^{2}\cdots \infty$$ then x, y, z are in|the answer is H.P|medium|A.P|G.P|H.P|none of these|H.P
If $a^{\frac{1}{x}= b^{\frac{1}{y}}= c^{\frac{1}{z}}$ and a, b, c are in G.P,then x, y, z are in |the answer is A.P|medium|A.P|G.P|H.P|none of these|A.P
If a, b, c are in A.P l, m, n are in H.P and al, bm, cn are in G.P with common ration not equal to 1 and a, b, c, l, m, n are positive then|the answer is $a: b: c= \frac{1}{n}: \frac{1}{m}: \frac{1}{l}$|medium|$a: b: c= \frac{1}{n}: \frac{1}{m}: \frac{1}{l}$|$a: b: c= \frac{1}{n}: \frac{1}{l}: \frac{1}{m}$|none of these|$a: b: c= \frac{1}{m}: \frac{1}{n}: \frac{1}{l}$|$a: b: c= \frac{1}{n}: \frac{1}{m}: \frac{1}{l}$
Find three numbers a, b, c, between 2 and 18, such that their sum is 25. And the number 2, a, b, are consecutive terms of an A.P. And the number b, c, 18 are consecutive terms of GP|the answer is a= 5, b= 8, c= 12|medium|a= 5, b= 8, c= 12|a= 4, b= 8, c= 12|a= 5, b= 8, c= 15|a= 10, b= 8, c= 12|a= 5, b= 8, c= 12
If a, b, c are in A.P and a, mb, c are in G.P then $a, m^{2}b, c$ are in|the answer is H.P|medium|A.P|H.P|G.P|none of these|H.P
An A.P a G.P and an H.P have the same first term and the same second term If there (n + 2)th terms are in GP, then|the answer is $\frac{b^{2n + 2} - a^{2n + 2}}{ab(b^{2n} - a^{2n})}= \frac{n + 1}{n}$|medium|$\frac{b^{2n + 2} - a^{2n + 2}}{ab(b^{2n} - a^{2n})}= \frac{n + 1}{n}$|$\frac{b^{2n + 2} + a^{2n + 2}}{ab(b^{2n} - a^{2n})}= \frac{n + 1}{n}$|$\frac{b^{2n - 2} - a^{2n - 2}}{ab(b^{2n} - a^{2n})}= \frac{n + 1}{n}$|$\frac{b^{2n + 2} - a^{2n + 2}}{ab(b^{2n} - a^{2n})}= \frac{n - 1}{n}$|$\frac{b^{2n + 2} - a^{2n + 2}}{ab(b^{2n} - a^{2n})}= \frac{n + 1}{n}$
The second, third and sixth term of an A.P are consecutive terms of a geometric progression. Find the common ratio of the GP|the answer is 3|easy|3|4|5|6|3
A sequence of numbers is formed by adding together corresponding terms of an AP and a GP with common ratio 2. The first term of the sequence is 57 and the second term is 94 and the third term is 171 find the fourth term find also an expression for the nth term of the sequence|the answer is $t_{4}= 328, t_{n}= (20 - 3n) + 10\cdot 2^{n + 1}$|medium|$t_{4}= 328, t_{n}= (20 - 3n) + 10\cdot 2^{n + 1}$|$t_{4}= 300, t_{n}= (20 - 3n) + 10\cdot 2^{n + 1}$|$t_{4}= 400, t_{n}= (20 + 3n) + 10\cdot 2^{n - 1}$|$t_{4}= 400, t_{n}= (20 + 3n) + 10\cdot 2^{n + 1}$|$t_{4}= 328, t_{n}= (20 - 3n) + 10\cdot 2^{n + 1}$
The 1st, 8th and 22nd term of an arithmetic progression are three consecutive terms of a geometric progression.Find the common ratio of the progression. Given also that the sum of the first 22 terms of the arithmetic progression is 275 find its first term.|the answer is d= 2, a=5|easy|d= 2, a=5|d= 3, a=5|d= 2, a=7|d= 4, a=5|d= 2, a=5
An arithmetic progression has common difference 2 and a geometric progression has common ratio 2.A new sequences formed by adding together the corresponding terms of these progression given that the first term of this new sequence is 8 and that the fifth term is 91. Calculate the values of the first term of the A.P and the G.P|the answer is 3, 5|medium|3, 5|4, 7|1, 2|3, 6|3, 5
If a, b, c are in A.P and b, c, d are in H.P then|the answr is ad= bc|medium|ad= bc|ab= dc|both of these|none of these|ad= bc
If a, b, c are in H.P and b, c, d are in G.P and c, d, e are in A.P, then the e is equal to|the answer is $\frsc{ab^{2}}{(2a - b)^{2}}$|medium|$\frsc{ab^{2}}{(2a - b)^{2}}$|$\frsc{ab}{(2a + b)^{2}}$|$\frsc{ab^{2}}{(2a + b)^{2}}$|$\frsc{a^{2}b}{(2a + b)^{2}}$|$\frsc{ab^{2}}{(2a - b)^{2}}$
Find the largest positive term of the HP, whose first two terms are $\frac{2}{5}$ and $\frac{12}{23}$|the answer is 6|easy|6|3|$\frac{1}{2}$|$\frac{2}{3}$|6
If an A.P and a G.P has the same first and second term then every other term of the AP will be less than G.P|the answer is true|easy|true|false|cannt be determined|none of these|true
If three unequal numbers are in HP and their squares are in AP then they are in the ratio|the answer is 1 + \sqrt{3}: -2: 1 - \sqrt{3} or 1 - \sqrt{3}: -2: 1 + \sqrt{3}|medium|1 - \sqrt{3}: -2: 1 + \sqrt{3}|1 + \sqrt{3}: -2: 1 - \sqrt{3}|1 - \sqrt{3}: -1: 1 + \sqrt{3}|1 - \sqrt{3}: 1: 1 + \sqrt{3}|1 - \sqrt{3}: -2: 1 + \sqrt{3}|1 + \sqrt{3}: -2: 1 - \sqrt{3}
If A, G and H are the arithmetic, geometric and harmonic mean two positive real numbers a and b, and if $A= k\cdot H$, then|the answer is $A^{2}= k\cdot G^{2}$ and $\frac{a}{b}= \frac{\sqrt{k} - \sqrt{k - 1}}{\sqrt{k} + \sqrt{k - 1}}$|medium|$A^{2}= k\cdot G^{2}$ and $\frac{a}{b}= \frac{\sqrt{k} - \sqrt{k - 1}}{\sqrt{k} + \sqrt{k - 1}}$|$A= k\cdot G^{2}$ and $\frac{a}{b}= \frac{\sqrt{k} - \sqrt{k - 1}}{\sqrt{k} + \sqrt{k - 1}}$|$A^{2}= k\cdot G$ and $\frac{a}{b}= \frac{\sqrt{k} - \sqrt{k - 1}}{\sqrt{k} + \sqrt{k - 1}}$|none of these|$A^{2}= k\cdot G^{2}$ and $\frac{a}{b}= \frac{\sqrt{k} - \sqrt{k - 1}}{\sqrt{k} + \sqrt{k - 1}}$
If p be the rth term when n A.M's are inserted between a and b and q be the rth terms when n H.M's are inserted between a and b then $\frac{p}{a} + \frac{b}{q}$ is|the answer is $\frac{a + b}{a}$|medium|$\frac{a + b}{a}$|$\frac{a + b}{b}$|none of these|both of these|$\frac{a + b}{a}$
Two trains A and B start from the same station P at the same time, a covers half the distance between first station P and 2nd station Q with speed x, and the other half with speed y. The train B covers the whole distance with the speed $\frac{x + y}{2}$.Which train will reach Q the second station earlier.|the answer is second train|medium|first train|second train|both at the same time|none of these|second train
If n is the root of the equation $x^{2}(1 - ac) - x(a^{2} - c^{2}) - (1 + ac)= 0$ and if n H.M's are inserted between a and c then the diffrence between first and last mean is|the answer is ac(a - c)|medium|ac(a - c)|ac(a + c)|none of these|a(a - c)|ac(a - c)
If 1 be the first of n A.M's between two numbers x and the first of n H.M's between the same two numbers x cannt lie between|the answer is $\left(\frac{n + 1}{n - 1}\right)^{2}$ and 1|medium|$\left(\frac{n + 1}{n - 1}\right)^{2}$ and 1|$\left(\frac{n - 1}{n + 1}\right)^{2}$ and 1|$\left(\frac{n + 1}{n - 1}\right)$ and 1|none of these|$\left(\frac{n + 1}{n - 1}\right)^{2}$ and 1
If $A_{1}, A_{2}, A_{3}\cdots A_{n}$ are n A.M's and $H_{1}, H_{2}, H_{3}\cdots H_{n}$ are n H.M's between a and b and $1\geq r \geq n$ then $A_{r}H_{n - r +1}$|the answer is ab|medium|ab|a^{2}b|ab^{2}|none of these|ab
Find the sum of all the numbers of the form in $n^{3}$, which lie between 100 and 10000|the answer is 53261|medium|53261|53260|43261|56261|53261
#If S be the sum of n consecutive integers beginning with a and t the sum sum of their squares then nt - S^{2} is|the answer is |||||
If $\sum_{x= 5}^{x= n + 5}4(x -3)= Pn^{2} + Qn + R, find the value of P + Q$|the answer is 12|medium|12|14|17|11|12
Find the sum to 2n terms of the series $5^{3} + 4\cdot 6^{3} + 7^{3} + 4\cdot 8^{3} + 9^{3} + 4\cdot 10^{3}\cdots$|the answer is $n(10n^{3} + 96n^{2} + 243n + 540)$|medium|$n(10n^{3} + 96n^{2} + 243n + 540)$|$n(10n^{3} + 96n^{2} - 243n + 540)$|$n(10n^{3} - 96n^{2} + 243n - 540)$|$10n^{3} + 96n^{2} + 243n + 540$|$n(10n^{3} + 96n^{2} + 243n + 540)$
#Find the sum to first n terms of the series $1^{3} + 3\cdot 2^{2} + 3^{3} + 3\cdot 4^{2} + 5^{3} + 3\cdot 6^{2}\cdots$|the answer is \frac{1}{8}(n + 1)(n^{3} + 7n^{2} + )|||||
The sum to n terms of the series $\left(\frac{2n + 1}{2n - 1}\right), 3\left(\frac{2n + 1}{2n - 1}\right)^{2}, 5\left(\frac{2n + 1}{2n - 1}\right)^{3}\cdots$|the answer is n(2n + 1)|medium|n(2n + 1)|n(2n - 1)|(2n + 1)|(2n - 1)|n(2n + 1)
The sum to n terms of the series $1 + 5\left(\frac{4n + 1}{4n - 1}\right), 9\left(\frac{4n + 1}{4n - 1}\right)^{2}, 13\left(\frac{4n + 1}{4n - 1}\right)^{3}\cdots$|the answer is n(4n - 3)|medium|n(4n - 3)|n(4n + 3)|(4n + 3)|(4n - 3)|n(4n - 3)
the numbers in the sequence $121, 12321, 1234321,\cdots$ are squares of|the answer is odd integer|medium|odd integers|even integers|they are not squares|cann't be determined|odd integers
The sum to n terms of the series $\frac{3}{1^{2}}, \frac{5}{1^{2} + 2^{2}}, \frac{7}{1^{2} + 2^{2} + 3^{3}} + \frac{9}{1^{2} + 2^{2} + 3^{2} + 4^{2}}\cdots$|the answer is $\frac{6n}{n + 1}$|medium|$\frac{6n}{n + 1}$|$\frac{5n}{n + 1}$|$\frac{6n}{n - 1}$|$\frac{5n}{n - 1}$|$\frac{6n}{n + 1}$
The sum to n terms of the series $\frac{1}{(1 + x)(1 + 2x)} + frac{1}{(1 + 2x)(1 + 3x)} + \frac{1}{(1 + 3x)(1 + 4x)}\cdots$|the answer is $\frac{n}{(1 + x)[1 + (n + 1)x]}$|medium|$\frac{n}{(1 + x)[1 + (n + 1)x]}$|$\frac{n}{(1 - x)[1 + (n + 1)x]}$|$\frac{n}{(1 + x)[1 - (n + 1)x]}$|$\frac{n}{(1 + x)[1 + (n - 1)x]}$|$\frac{n}{(1 + x)[1 + (n + 1)x]}$
The sum to n terms of the series $\frac{1}{(1 + x)(1 + ax)} + frac{a}{(1 + ax)(1 + a^{2}x)} + \frac{a^{2}}{(1 + a^{2}x)(1 + a^{3}x)}\cdots$|the answer is $\frac{1}{1 - a}\left(\frac{1}{1 + x} - \frac{a^{n}}{1 + a^{n}x}\right)$|medium|$\frac{1}{1 - a}\left(\frac{1}{1 + x} - \frac{a^{n}}{1 + a^{n}x}\right)$|$\frac{1}{1 + a}\left(\frac{1}{1 + x} - \frac{a^{n}}{1 + a^{n}x}\right)$|$\frac{1}{1 + a}\left(\frac{1}{1 + x} + \frac{a^{n}}{1 + a^{n}x}\right)$|$\frac{1}{1 - a}\left(\frac{1}{1 + x} + \frac{a^{n}}{1 + a^{n}x}\right)$|$\frac{1}{1 - a}\left(\frac{1}{1 + x} - \frac{a^{n}}{1 + a^{n}x}\right)$
Find the nth term of the seeries -1, -3, 3, 23, 63, 129\cdots|the answer is $n^{3} + 2n^{2} - 3n + 3$|medium|$n^{3} + 2n^{2} - 3n + 3$|$n^{3} + 2n^{2} + 3n + 3$|$n^{3} - 2n^{2} - 3n + 3$|$n^{3} - 2n^{2} - 3n - 3$|$n^{3} + 2n^{2} - 3n + 3$
Find the sum to nth term of the series $\frac{1}{\sqrt{1} + \sqrt{3}} + \frac{1}{\sqrt{3} + \sqrt{5}} + \frac{1}{\sqrt{5} + \sqrt{7}} + \cdots$|the answer is $\frac{1}{2}(\sqrt{2n + 1} - 1)$|medium|$\frac{1}{2}(\sqrt{2n + 1} - 1)$|$\frac{1}{3}(\sqrt{2n + 1} - 1)$|$\frac{1}{2}(\sqrt{2n + 1} + 1)$|$\frac{1}{2}(\sqrt{3n + 1} - 1)$|$\frac{1}{2}(\sqrt{2n + 1} - 1)$
If $a_{1}, a_{2}, a_{3}\cdots, a_{n}$ in AP with common difference d and first term a then $a_{1}a_{2} + a_{2}a_{3} + \cdots + a_{n}a_{n + 1}$|the answer is $\frac{[a + (n - 1)d](a + nd)[a + (n + 1)d] - (a - d)a(a + d)}{3d}$ or $\frac{n[3a^{2} + 3nad + (n^{2} - 1)d^{2}]}{3}$|medium|$\frac{[a + (n - 1)d](a + nd)[a + (n + 1)d] - (a - d)a(a + d)}{3d}$|$\frac{n[3a^{2} + 3nad + (n^{2} - 1)d^{2}]}{3}$|none of these|both of these|both of these
If $a_{1}, a_{2}, a_{3}\cdots, a_{n}$ in AP with common difference d and first term a then $a_{1}a_{2}a_{3} + a_{2}a_{3}a_{4} + \cdots + a_{n}a_{n + 1}a_{n + 2}$|the answer is $\frac{[a + (n - 1)d](a + nd)[a + (n + 1)d][a + (n + 2)d] - (a - d)a(a + d)(a + 2d)}{4d}$ or $\frac{4a^{3} + 6(n + 1)a^{2}d + 2(2n^{2} + 3n - 1)ad^{2} + (n^{3} + 2n^{2} - n - 2)d^{3}}{4}$|medium|$\frac{[a + (n - 1)d](a + nd)[a + (n + 1)d][a + (n + 2)d] - (a - d)a(a + d)(a + 2d)}{4d}$|$\frac{4a^{3} + 6(n + 1)a^{2}d + 2(2n^{2} + 3n - 1)ad^{2} + (n^{3} + 2n^{2} - n - 2)d^{3}}{4}$|both of these|none of these|both of these
Find the sum to n terms of the series $\frac{3}{1^{2}\cdot 2^{2}} + \frac{5}{2^{2}\cdot 3^{2}} + \frac{7}{3^{2}\cdot 4^{2}}\cdots$|the answer is $\frac{n^{2} + 2n}{(n + 1)^{2}}$|medium|$\frac{n^{2} + 2n}{(n + 1)^{2}}$|$\frac{n^{2} - 2n}{(n + 1)^{2}}$|$\frac{n^{2} - 2n}{(n - 1)^{2}}$|$\frac{n^{2} + 2n}{(n - 1)^{2}}$|$\frac{n^{2} + 2n}{(n + 1)^{2}}$
Let $S_{n}$ denotes the sum to n terms of the series $$1\cdot 2 + 2\cdot 3 + 3\cdot 4 \cdots$$ and $\sigma_{n - 1}$ the sun to n - 1 terms of the series $$\frac{1}{1\cdot 2\cdot 3\cdot 4} + \frac{1}{2\cdot 3\cdot 4\cdot 5} + \frac{1}{3\cdot 4\cdot 5\cdot 6} \cdots$$,then the value of $18S_{n}\sigma_{n - 1} - S_{n}$ is|the answer is -2|medium|1|2|3|-2|-2
Find the sum to n terms of the series $\frac{5}{1\cdot 2\cdot 3} + \frac{7}{2\cdot 3\cdot 3^{2}} + \frac{9}{3\cdot 4\cdot 3^{3}} \cdots$|the answer is $1 - \frac{1}{n + 1}\cdot \frac{1}{3^{n}$|medium|$1 - \frac{1}{n + 1}\cdot \frac{1}{3^{n}$|$1 + \frac{1}{n + 1}\cdot \frac{1}{3^{n}$|$1 - \frac{1}{n + 1}\cdot \frac{1}{3^{n + 1}$|$1 - \frac{1}{n - 1}\cdot \frac{1}{3^{n - 1}$|$1 - \frac{1}{n + 1}\cdot \frac{1}{3^{n}$
If $\frac{1}{1^{2}} + \frac{1}{2^{2}} + \frac{1}{3^{2}}\cdots$= $\frac{\pi^{2}}{6}$ then $\frac{1}{1^{2}} + \frac{1}{3^{2}} + \frac{1}{5^{2}}\cdots$ is|the answer is $\frac{\pi^{2}}{8}$|medium|$\frac{\pi^{2}}{16}$|$\frac{\pi^{2}}{8}$|$\frac{\pi^{2}}{32}$|$\frac{\pi^{2}}{64}$|$\frac{\pi^{2}}{8}$
If $\frac{1}{1^{2}} + \frac{1}{2^{2}} + \frac{1}{3^{2}}\cdots$= $\frac{\pi^{2}}{6}$ then $\frac{1}{1^{2}} - \frac{1}{2^{2}} + \frac{1}{3^{2}} - \frac{1}{4^{2}}\cdots$ is|the answer is $\frac{\pi^{2}}{12}$|medium|$\frac{\pi^{2}}{16}$|$\frac{\pi^{2}}{12}$|$\frac{\pi^{2}}{32}$|$\frac{\pi^{2}}{64}$|$\frac{\pi^{2}}{12}$
If $H_{n}$= $1 + \frac{1}{2} + \frac{1}{3} +\cdots + \frac{1}{n}$ then $H_{n}$ can also be written as|the answer is $n - \left(\frac{1}{2} + \frac{2}{3} + \frac{3}{4} + \frac{n - 1}{n}\right)$|medium|$n - \left(\frac{1}{2} + \frac{2}{3} + \frac{3}{4} + \frac{n - 1}{n}\right)$|$n + \left(\frac{1}{2} + \frac{2}{3} + \frC{3}{4} + \frac{n - 1}{n}\right)$|$n - \left(\frac{1}{2} - \frac{2}{3} + \frac{3}{4} - \frac{n - 1}{n}\right)$|$n + \left(\frac{1}{2} - \frac{2}{3} + \frC{3}{4} - \frac{n - 1}{n}\right)$|$n - \left(\frac{1}{2} + \frac{2}{3} + \frC{3}{4} + \frac{n - 1}{n}\right)$
If $\gamma= \frac{1}{x - 1} - \frac{1}{1 + x} - \frac{2}{1 + x^{2}} - \frac{4}{1 + x^{4}} + \cdots - \frac{2^{n}}{1 + x^{2^{n}}}$ then|$\gamma$= $\frac{2^{n + 1}}{x^{2^{n + 1}} - 1}$|medium|$\gamma$= $\frac{2^{n + 1}}{x^{2^{n + 1}} - 1}$|$\gamma$= $\frac{2^{n - 1}}{x^{2^{n + 1}} + 1}$|$\gamma$= $\frac{2^{n - 1}}{x^{2^{n + 1}} - 1}$|$\gamma$= $\frac{2^{n + 1}}{x^{2^{n + 1}} - 1}$|$\gamma$= $\frac{2^{n + 1}}{x^{2^{n + 1}} - 1}$
$(1 + 3^{-1})(1 + 3^{-2})(1 + 3^{-4})(1 + 3^{-8})\cdots (1 + 3^{-2^{n}})$ is equal to|the answer is $\frac{3}{2}(1 - 3^{-2^{n + 1}})$|medium|$\frac{3}{2}(1 + 3^{-2^{n + 1}})$|$\frac{3}{2}(1 - 3^{-2^{n + 1}})$|$\frac{3}{2}(1 - 3^{2^{n + 1}})$|none of these|$\frac{3}{2}(1 - 3^{-2^{n + 1}})$
If a, b, c $\gt 0$ then|the answer is  $(a + b)(b + c)(c + a)\geq 8abc$|medium| $(a + b)(b + c)(c + a) gt 8abc$| $(a + b)(b + c)(c + a)\geq 8abc$| $(a + b)(b + c)(c + a) \lt 8abc$| $(a + b)(b + c)(c + a) \leq 8abc$| $(a + b)(b + c)(c + a)\geq 8abc$
If x + y + z= a then|the answer is $\frac{1}{x} + \frac{1}{y} + \frac{1}{z} \geq \frac{9}{a}$|medium|$\frac{1}{x} + \frac{1}{y} + \frac{1}{z} \geq \frac{9}{a}$|$\frac{1}{x} + \frac{1}{y} + \frac{1}{z} \gt \frac{9}{a}$|$\frac{1}{x} + \frac{1}{y} + \frac{1}{z} \leq \frac{9}{a}$|$\frac{1}{x} + \frac{1}{y} + \frac{1}{z} \lt \frac{9}{a}$|$\frac{1}{x} + \frac{1}{y} + \frac{1}{z} \geq \frac{9}{a}$
If n is a positive integer then|the answer is $n^{n}\gt 1\cdot 3\cdot 5\cdots (2n - 1)$|medium|$n^{n}\gt 1\cdot 3\cdot 5\cdots (2n - 1)$|$n^{n}\geq 1\cdot 3\cdot 5\cdots (2n - 1)$|$n^{n}\lt 1\cdot 3\cdot 5\cdots (2n - 1)$|$n^{n}\leq 1\cdot 3\cdot 5\cdots (2n - 1)$|$n^{n}\gt 1\cdot 3\cdot 5\cdots (2n - 1)$
Find the greatest value of $(7 - x)^{4}(2 + x)^{5}$ if $-2\lt x\lt 7$|the answer is $4^{4}\cdot 5^{5}$|medium|$4^{4}\cdot 5^{5}$|$4^{5}\cdot 5^{4}$|$4^{3}\cdot 5^{4}$|$4\cdot 5$|$4^{4}\cdot 5^{5}$
If $x,y\gt 0$ find the least value of 3x + 4y, when $x^{2)y^{3}= 6$|the answer is 10|medium|10|9|6|5|10
If a, b, c $\gt 0$ then|the answer is $\frac{bc}{b + c} + \frac{ca}{c + a} + \frac{ab}{a + b} \leq \frac{a + b + c}{2}$ or $\frac{b + c}{a} + \frac{c + a}{b} + \frac{a + b}{c} \geq 6$|medium|$\frac{bc}{b + c} + \frac{ca}{c + a} + \frac{ab}{a + b} \leq \frac{a + b + c}{2}$|$\frac{b + c}{a} + \frac{c + a}{b} + \frac{a + b}{c} \geq 6$|$\frac{bc}{b + c} + \frac{ca}{c + a} + \frac{ab}{a + b} \geq \frac{a + b + c}{2}$|$\frac{bc}{b + c} + \frac{ca}{c + a} + \frac{ab}{a + b} \gt \frac{a + b + c}{2}$|$\frac{bc}{b + c} + \frac{ca}{c + a} + \frac{ab}{a + b} \leq \frac{a + b + c}{2}$|$\frac{b + c}{a} + \frac{c + a}{b} + \frac{a + b}{c} \geq 6$
If $x_{i}\gt 0$ where $i= 1, 2, 3\cdots$ then|the answer is $(x_{1} + x_{2} + x_{3}\cdots)(\frac{1}{x_{1}} + \frac{1}{x_{2}} + \frac{1}{x_{3}}\cdots)\geq n^{2}$|medium|$(x_{1} + x_{2} + x_{3}\cdots)(\frac{1}{x_{1}} + \frac{1}{x_{2}} + \frac{1}{x_{3}}\cdots)\geq n^{2}$|$(x_{1} + x_{2} + x_{3}\cdots)(\frac{1}{x_{1}} + \frac{1}{x_{2}} + \frac{1}{x_{3}}\cdots)\gt n^{2}$|$(x_{1} + x_{2} + x_{3}\cdots)(\frac{1}{x_{1}} + \frac{1}{x_{2}} + \frac{1}{x_{3}}\cdots)\leq n^{2}$|$(x_{1} + x_{2} + x_{3}\cdots)(\frac{1}{x_{1}} + \frac{1}{x_{2}} + \frac{1}{x_{3}}\cdots)\lt n^{2}$|$(x_{1} + x_{2} + x_{3}\cdots)(\frac{1}{x_{1}} + \frac{1}{x_{2}} + \frac{1}{x_{3}}\cdots)\geq n^{2}$
If x, y are positive real numbers and m and n are any positive integers then|the answer is $\frac{x^{n}y^{m}}{(1 + x^{2n})(1 + y^{2m})}\leq \frac{1}{4}$|medium|$\frac{x^{n}y^{m}}{(1 + x^{2n})(1 + y^{2m})}\lt \frac{1}{4}$|$\frac{x^{n}y^{m}}{(1 + x^{2n})(1 + y^{2m})}\geq \frac{1}{4}$|$\frac{x^{n}y^{m}}{(1 + x^{2n})(1 + y^{2m})}\leq \frac{1}{4}$|$\frac{x^{n}y^{m}}{(1 + x^{2n})(1 + y^{2m})}\gt \frac{1}{4}$|$\frac{x^{n}y^{m}}{(1 + x^{2n})(1 + y^{2m})}\leq \frac{1}{4}$
If the aritmetic mean of $(b - c)^{2},(c - a)^{2},(a - b)^{2}$ and $(b + c - 2a)^{2},(c + a - 2b)^{2},(a + b - 2c)^{2}$ then|the answer is a= b= c|medium|$a= b\neq c$|$a= c\neq b$|$a= b= c$|none of these|a= b= c